resource, targetResource, nickname, instanceId, reportId, configId, collected, exit_status, exit_message, body, comparisonResult
"inca","uc-hotel","nimbus-create-publicvm","5468045","5468044","5463207","2012-06-07T09:59:26.000-04:00","Success","","cloud-create cloudcreate img hello-cloud.gz create 20.33869 s ping 30.010413 s ssh 30.21364 s destroy 5.078191 s","Success"
"inca","uc-hotel","nimbus-create-publicvm","5476338","5476337","5463207","2012-06-08T09:59:28.000-04:00","Success","","cloud-create cloudcreate img hello-cloud.gz create 22.514076 s ping 30.009765 s ssh 30.212524 s destroy 4.829008 s","Success"
"inca","uc-hotel","nimbus-create-publicvm","5484610","5484609","5463207","2012-06-09T09:59:40.000-04:00","Success","","cloud-create cloudcreate img hello-cloud.gz create 32.887875 s ping 30.011048 s ssh 30.293706 s destroy 5.078975 s","Success"
"inca","uc-hotel","nimbus-create-publicvm","5493284","5493283","5463207","2012-06-10T09:58:05.000-04:00","Failure","Command '/home/inca/nimbus-cloud-client-021/bin/cloud-client.sh --conf /home/inca/nimbus-cloud-client-021/conf/hotel.conf --run --name hello-cloud.gz --hours 1' failed "Problem:"","","Failure:errorMessage errorMessage errorMessage errorMessage"
"inca","uc-hotel","nimbus-create-publicvm","5501825","5493283","5463207","2012-06-11T09:58:05.000-04:00","Failure","Command '/home/inca/nimbus-cloud-client-021/bin/cloud-client.sh --conf /home/inca/nimbus-cloud-client-021/conf/hotel.conf --run --name hello-cloud.gz --hours 1' failed "Problem:"","","Failure:errorMessage errorMessage errorMessage errorMessage"
"inca","uc-hotel","nimbus-create-publicvm","5509945","5509944","5463207","2012-06-12T09:59:39.000-04:00","Success","","cloud-create cloudcreate img hello-cloud.gz create 30.533235 s ping 30.010311 s ssh 30.270475 s destroy 6.319306 s","Success"
"inca","uc-hotel","nimbus-create-publicvm","5518318","5518317","5463207","2012-06-13T09:58:36.000-04:00","Failure","Command '/home/inca/nimbus-cloud-client-021/bin/cloud-client.sh --conf /home/inca/nimbus-cloud-client-021/conf/hotel.conf --run --name hello-cloud.gz --hours 1' failed "
Launching workspace.

Workspace Factory Service:
    https://svc.uc.futuregrid.org:8443/wsrf/services/WorkspaceFactoryService

Creating workspace "vm-052"... done.


       IP address: 149.165.148.236
         Hostname: vm-236.uc.futuregrid.org
       Start time: Wed Jun 13 09:58:06 EDT 2012
    Shutdown time: Wed Jun 13 10:58:06 EDT 2012
 Termination time: Wed Jun 13 11:08:06 EDT 2012

Waiting for updates.

Problem with vm-052: Unexpected issue
STDERR: libvir: Xen error : Domain not found: xenUnifiedDomainLookupByName
2012-06-13 08:58:24,166 - ERROR - The persistence file already exists: '/soft/nimbus-control/default/var/workspace-control/persistence/wrksp-48943-nicset'
Traceback (most recent call last):
  File "/gpfs/software/x86_64/el5/hotel/nimbus-control/2.9/src/python/workspacecontrol/main/wc_core_creation.py", line 83, in _common
    persistence.store_nic_set(vm_name, nic_set, ok_to_replace=oktorepl)
  File "/gpfs/software/x86_64/el5/hotel/nimbus-control/2.9/src/python/workspacecontrol/main/wc_core_persistence.py", line 75, in store_nic_set
    raise UnexpectedError("The persistence file already exists: '%s'" % pobject)
UnexpectedError: The persistence file already exists: '/soft/nimbus-control/default/var/workspace-control/persistence/wrksp-48943-nicset'
2012-06-13 08:58:24,198 - ERROR - Creation problem: going to back out net leases
2012-06-13 08:58:24,199 - ERROR - Backed out net leases
2012-06-13 08:58:24,199 - ERROR - The persistence file already exists: '/soft/nimbus-control/default/var/workspace-control/persistence/wrksp-48943-nicset'
Traceback (most recent call last):
  File "/gpfs/software/x86_64/el5/hotel/nimbus-control/2.9/src/python/workspacecontrol/main/wc_core.py", line 79, in core
    _core(vm_name, action, p, c)
  File "/gpfs/software/x86_64/el5/hotel/nimbus-control/2.9/src/python/workspacecontrol/main/wc_core.py", line 168, in _core
    wc_core_creation.create(vm_name, p, c, async, editing, images, kernels, localnet, netbootstrap, netlease, netsecurity, persistence, platform)
  File "/gpfs/software/x86_64/el5/hotel/nimbus-control/2.9/src/python/workspacecontrol/main/wc_core_creation.py", line 16, in create
    _create_local(vm_name, p, c, async, editing, images, kernels, localnet, netbootstrap, netlease, netsecurity, persistence, platform)
  File "/gpfs/software/x86_64/el5/hotel/nimbus-control/2.9/src/python/workspacecontrol/main/wc_core_creation.py", line 31, in _create_local
    _common(local_file_set, vm_name, p, c, editing, kernels, localnet, netbootstrap, netlease, netsecurity, persistence, platform, justprint=justprint)
  File "/gpfs/software/x86_64/el5/hotel/nimbus-control/2.9/src/python/workspacecontrol/main/wc_core_creation.py", line 107, in _common
    raise e
UnexpectedError: The persistence file already exists: '/soft/nimbus-control/default/var/workspace-control/persistence/wrksp-48943-nicset'
Problem executing: The persistence file already exists: '/soft/nimbus-control/default/var/workspace-control/persistence/wrksp-48943-nicset'

Exiting with error code: 4

Workspace "vm-052" did NOT reach target state "Running"

Problem running 'vm-052'.
"","","Failure:errorMessage errorMessage errorMessage errorMessage"
"inca","uc-hotel","nimbus-create-publicvm","5526228","5526227","5463207","2012-06-14T09:59:27.000-04:00","Success","","cloud-create cloudcreate img hello-cloud.gz create 21.018593 s ping 30.011721 s ssh 30.224084 s destroy 5.12489 s","Success"
"inca","uc-hotel","nimbus-create-publicvm","5532175","5532174","5463207","2012-06-15T09:59:36.000-04:00","Success","","cloud-create cloudcreate img hello-cloud.gz create 28.815391 s ping 30.009776 s ssh 30.225246 s destroy 5.168986 s","Success"
"inca","uc-hotel","nimbus-create-publicvm","5540102","5540101","5463207","2012-06-16T09:59:30.000-04:00","Success","","cloud-create cloudcreate img hello-cloud.gz create 23.252913 s ping 30.012392 s ssh 30.219983 s destroy 5.224531 s","Success"
"inca","uc-hotel","nimbus-create-publicvm","5547997","5547996","5463207","2012-06-17T09:59:36.000-04:00","Success","","cloud-create cloudcreate img hello-cloud.gz create 29.226231 s ping 30.009721 s ssh 30.259383 s destroy 5.490841 s","Success"
"inca","uc-hotel","nimbus-create-publicvm","5555894","5555893","5463207","2012-06-18T09:59:30.000-04:00","Success","","cloud-create cloudcreate img hello-cloud.gz create 23.388717 s ping 30.010551 s ssh 30.21659 s destroy 5.232529 s","Success"
"inca","uc-hotel","nimbus-create-publicvm","5564103","5564102","5463207","2012-06-19T09:59:41.000-04:00","Success","","cloud-create cloudcreate img hello-cloud.gz create 34.311984 s ping 30.010702 s ssh 30.22895 s destroy 5.095246 s","Success"
"inca","uc-hotel","nimbus-create-publicvm","5572247","5572246","5463207","2012-06-20T09:59:38.000-04:00","Success","","cloud-create cloudcreate img hello-cloud.gz create 31.635306 s ping 30.012108 s ssh 30.215897 s destroy 5.109551 s","Success"
"inca","uc-hotel","nimbus-create-publicvm","5580463","5580462","5463207","2012-06-21T10:00:08.000-04:00","Failure","DOWNTIME:1970: Command '/home/inca/nimbus-cloud-client-021/bin/cloud-client.sh --conf /home/inca/nimbus-cloud-client-021/conf/hotel.conf --run --name hello-cloud.gz --hours 1' failed "Problem:"","","Failure:errorMessage errorMessage errorMessage errorMessage"
"inca","uc-hotel","nimbus-create-publicvm","5588289","5580462","5463207","2012-06-22T10:00:09.000-04:00","Failure","DOWNTIME:1970: Command '/home/inca/nimbus-cloud-client-021/bin/cloud-client.sh --conf /home/inca/nimbus-cloud-client-021/conf/hotel.conf --run --name hello-cloud.gz --hours 1' failed "Problem:"","","Failure:errorMessage errorMessage errorMessage errorMessage"
"inca","uc-hotel","nimbus-create-publicvm","5596118","5580462","5463207","2012-06-23T10:00:08.000-04:00","Failure","DOWNTIME:1970: Command '/home/inca/nimbus-cloud-client-021/bin/cloud-client.sh --conf /home/inca/nimbus-cloud-client-021/conf/hotel.conf --run --name hello-cloud.gz --hours 1' failed "Problem:"","","Failure:errorMessage errorMessage errorMessage errorMessage"
"inca","uc-hotel","nimbus-create-publicvm","5603877","5580462","5463207","2012-06-24T10:00:08.000-04:00","Failure","DOWNTIME:1970: Command '/home/inca/nimbus-cloud-client-021/bin/cloud-client.sh --conf /home/inca/nimbus-cloud-client-021/conf/hotel.conf --run --name hello-cloud.gz --hours 1' failed "Problem:"","","Failure:errorMessage errorMessage errorMessage errorMessage"
"inca","uc-hotel","nimbus-create-publicvm","5611567","5580462","5463207","2012-06-25T10:00:11.000-04:00","Failure","DOWNTIME:1970: Command '/home/inca/nimbus-cloud-client-021/bin/cloud-client.sh --conf /home/inca/nimbus-cloud-client-021/conf/hotel.conf --run --name hello-cloud.gz --hours 1' failed "Problem:"","","Failure:errorMessage errorMessage errorMessage errorMessage"
"inca","uc-hotel","nimbus-create-publicvm","5617325","5580462","5463207","2012-06-26T10:00:09.000-04:00","Failure","DOWNTIME:1970: Command '/home/inca/nimbus-cloud-client-021/bin/cloud-client.sh --conf /home/inca/nimbus-cloud-client-021/conf/hotel.conf --run --name hello-cloud.gz --hours 1' failed "Problem:"","","Failure:errorMessage errorMessage errorMessage errorMessage"
"inca","uc-hotel","nimbus-create-publicvm","5624831","5580462","5463207","2012-06-27T10:00:08.000-04:00","Failure","DOWNTIME:1970: Command '/home/inca/nimbus-cloud-client-021/bin/cloud-client.sh --conf /home/inca/nimbus-cloud-client-021/conf/hotel.conf --run --name hello-cloud.gz --hours 1' failed "Problem:"","","Failure:errorMessage errorMessage errorMessage errorMessage"
"inca","uc-hotel","nimbus-create-publicvm","5632619","5580462","5463207","2012-06-28T10:00:09.000-04:00","Failure","DOWNTIME:1970: Command '/home/inca/nimbus-cloud-client-021/bin/cloud-client.sh --conf /home/inca/nimbus-cloud-client-021/conf/hotel.conf --run --name hello-cloud.gz --hours 1' failed "Problem:"","","Failure:errorMessage errorMessage errorMessage errorMessage"
"inca","uc-hotel","nimbus-create-publicvm","5640448","5580462","5463207","2012-06-29T10:00:08.000-04:00","Failure","DOWNTIME:1970: Command '/home/inca/nimbus-cloud-client-021/bin/cloud-client.sh --conf /home/inca/nimbus-cloud-client-021/conf/hotel.conf --run --name hello-cloud.gz --hours 1' failed "Problem:"","","Failure:errorMessage errorMessage errorMessage errorMessage"
"inca","uc-hotel","nimbus-create-publicvm","5648369","5493283","5463207","2012-06-30T10:00:08.000-04:00","Failure","Command '/home/inca/nimbus-cloud-client-021/bin/cloud-client.sh --conf /home/inca/nimbus-cloud-client-021/conf/hotel.conf --run --name hello-cloud.gz --hours 1' failed "Problem:"","","Failure:errorMessage errorMessage errorMessage errorMessage"
"inca","uc-hotel","nimbus-create-publicvm","5656245","5493283","5463207","2012-07-01T10:00:08.000-04:00","Failure","Command '/home/inca/nimbus-cloud-client-021/bin/cloud-client.sh --conf /home/inca/nimbus-cloud-client-021/conf/hotel.conf --run --name hello-cloud.gz --hours 1' failed "Problem:"","","Failure:errorMessage errorMessage errorMessage errorMessage"
"inca","uc-hotel","nimbus-create-publicvm","5664045","5493283","5463207","2012-07-02T10:00:08.000-04:00","Failure","Command '/home/inca/nimbus-cloud-client-021/bin/cloud-client.sh --conf /home/inca/nimbus-cloud-client-021/conf/hotel.conf --run --name hello-cloud.gz --hours 1' failed "Problem:"","","Failure:errorMessage errorMessage errorMessage errorMessage"
"inca","uc-hotel","nimbus-create-publicvm","5671975","5580462","5463207","2012-07-03T10:00:08.000-04:00","Failure","DOWNTIME:1970: Command '/home/inca/nimbus-cloud-client-021/bin/cloud-client.sh --conf /home/inca/nimbus-cloud-client-021/conf/hotel.conf --run --name hello-cloud.gz --hours 1' failed "Problem:"","","Failure:errorMessage errorMessage errorMessage errorMessage"
"inca","uc-hotel","nimbus-create-publicvm","5678204","5580462","5463207","2012-07-04T09:58:09.000-04:00","Failure","DOWNTIME:1970: Command '/home/inca/nimbus-cloud-client-021/bin/cloud-client.sh --conf /home/inca/nimbus-cloud-client-021/conf/hotel.conf --run --name hello-cloud.gz --hours 1' failed "Problem:"","","Failure:errorMessage errorMessage errorMessage errorMessage"
"inca","uc-hotel","nimbus-create-publicvm","5686179","5580462","5463207","2012-07-05T09:58:05.000-04:00","Failure","DOWNTIME:1970: Command '/home/inca/nimbus-cloud-client-021/bin/cloud-client.sh --conf /home/inca/nimbus-cloud-client-021/conf/hotel.conf --run --name hello-cloud.gz --hours 1' failed "Problem:"","","Failure:errorMessage errorMessage errorMessage errorMessage"
"inca","uc-hotel","nimbus-create-publicvm","5694661","5580462","5463207","2012-07-06T09:58:05.000-04:00","Failure","DOWNTIME:1970: Command '/home/inca/nimbus-cloud-client-021/bin/cloud-client.sh --conf /home/inca/nimbus-cloud-client-021/conf/hotel.conf --run --name hello-cloud.gz --hours 1' failed "Problem:"","","Failure:errorMessage errorMessage errorMessage errorMessage"
"inca","uc-hotel","nimbus-create-publicvm","5695735","5580462","5463207","2012-07-06T13:00:06.000-04:00","Failure","DOWNTIME:1970: Command '/home/inca/nimbus-cloud-client-021/bin/cloud-client.sh --conf /home/inca/nimbus-cloud-client-021/conf/hotel.conf --run --name hello-cloud.gz --hours 1' failed "Problem:"","","Failure:errorMessage errorMessage errorMessage errorMessage"
"inca","uc-hotel","nimbus-create-publicvm","5704271","5493283","5463207","2012-07-07T13:00:03.000-04:00","Failure","Command '/home/inca/nimbus-cloud-client-021/bin/cloud-client.sh --conf /home/inca/nimbus-cloud-client-021/conf/hotel.conf --run --name hello-cloud.gz --hours 1' failed "Problem:"","","Failure:errorMessage errorMessage errorMessage errorMessage"
"inca","uc-hotel","nimbus-create-publicvm","5712760","5493283","5463207","2012-07-08T13:00:05.000-04:00","Failure","Command '/home/inca/nimbus-cloud-client-021/bin/cloud-client.sh --conf /home/inca/nimbus-cloud-client-021/conf/hotel.conf --run --name hello-cloud.gz --hours 1' failed "Problem:"","","Failure:errorMessage errorMessage errorMessage errorMessage"
"inca","uc-hotel","nimbus-create-publicvm","5721251","5721250","5463207","2012-07-09T13:01:24.000-04:00","Success","","cloud-create cloudcreate img hello-cloud.gz create 17.761499 s ping 30.009644 s ssh 30.213345 s destroy 5.422882 s","Success"
"inca","uc-hotel","nimbus-create-publicvm","5729662","5729661","5463207","2012-07-10T13:01:35.000-04:00","Success","","cloud-create cloudcreate img hello-cloud.gz create 29.153088 s ping 30.009374 s ssh 30.213509 s destroy 5.047556 s","Success"
"inca","uc-hotel","nimbus-create-publicvm","5738341","5738340","5463207","2012-07-11T13:01:39.000-04:00","Success","","cloud-create cloudcreate img hello-cloud.gz create 31.2231 s ping 30.012172 s ssh 30.213298 s destroy 5.998499 s","Success"
"inca","uc-hotel","nimbus-create-publicvm","5746936","5746934","5463207","2012-07-12T13:00:01.000-04:00","Success","Command '/home/inca/nimbus-cloud-client-021/bin/cloud-client.sh --conf /home/inca/nimbus-cloud-client-021/conf/hotel.conf --run --name hello-cloud.gz --hours 1' failed "Error occurred during initialization of VM
Could not reserve enough space for object heap
Could not create the Java virtual machine.
"","","Success"
"inca","uc-hotel","nimbus-create-publicvm","5755365","5746934","5463207","2012-07-13T13:00:01.000-04:00","Success","Command '/home/inca/nimbus-cloud-client-021/bin/cloud-client.sh --conf /home/inca/nimbus-cloud-client-021/conf/hotel.conf --run --name hello-cloud.gz --hours 1' failed "Error occurred during initialization of VM
Could not reserve enough space for object heap
Could not create the Java virtual machine.
"","","Success"
"inca","uc-hotel","nimbus-create-publicvm","5768317","5768316","5463207","2012-07-16T13:01:25.000-04:00","Success","","cloud-create cloudcreate img hello-cloud.gz create 18.448059 s ping 30.010698 s ssh 30.213572 s destroy 5.28775 s","Success"
"inca","uc-hotel","nimbus-create-publicvm","5776746","5746934","5463207","2012-07-17T13:00:00.000-04:00","Success","Command '/home/inca/nimbus-cloud-client-021/bin/cloud-client.sh --conf /home/inca/nimbus-cloud-client-021/conf/hotel.conf --run --name hello-cloud.gz --hours 1' failed "Error occurred during initialization of VM
Could not reserve enough space for object heap
Could not create the Java virtual machine.
"","","Success"
"inca","uc-hotel","nimbus-create-publicvm","5785175","5746934","5463207","2012-07-18T13:00:01.000-04:00","Success","Command '/home/inca/nimbus-cloud-client-021/bin/cloud-client.sh --conf /home/inca/nimbus-cloud-client-021/conf/hotel.conf --run --name hello-cloud.gz --hours 1' failed "Error occurred during initialization of VM
Could not reserve enough space for object heap
Could not create the Java virtual machine.
"","","Success"
"inca","uc-hotel","nimbus-create-publicvm","5793652","5793651","5463207","2012-07-19T13:01:25.000-04:00","Success","","cloud-create cloudcreate img hello-cloud.gz create 18.638777 s ping 30.010191 s ssh 30.215836 s destroy 5.277078 s","Success"
"inca","uc-hotel","nimbus-create-publicvm","5802049","5746934","5463207","2012-07-20T13:00:00.000-04:00","Success","Command '/home/inca/nimbus-cloud-client-021/bin/cloud-client.sh --conf /home/inca/nimbus-cloud-client-021/conf/hotel.conf --run --name hello-cloud.gz --hours 1' failed "Error occurred during initialization of VM
Could not reserve enough space for object heap
Could not create the Java virtual machine.
"","","Success"
"inca","uc-hotel","nimbus-create-publicvm","5810497","5810496","5463207","2012-07-21T13:01:27.000-04:00","Success","","cloud-create cloudcreate img hello-cloud.gz create 20.291194 s ping 30.009443 s ssh 30.223981 s destroy 5.089204 s","Success"
"inca","uc-hotel","nimbus-create-publicvm","5818968","5818967","5463207","2012-07-22T13:01:35.000-04:00","Success","","cloud-create cloudcreate img hello-cloud.gz create 28.402647 s ping 30.010298 s ssh 30.214151 s destroy 5.128246 s","Success"
"inca","uc-hotel","nimbus-create-publicvm","5827425","5827424","5463207","2012-07-23T13:01:26.000-04:00","Success","","cloud-create cloudcreate img hello-cloud.gz create 20.208914 s ping 30.010236 s ssh 30.211898 s destroy 5.033777 s","Success"
"inca","uc-hotel","nimbus-create-publicvm","5835905","5746934","5463207","2012-07-24T13:00:01.000-04:00","Success","Command '/home/inca/nimbus-cloud-client-021/bin/cloud-client.sh --conf /home/inca/nimbus-cloud-client-021/conf/hotel.conf --run --name hello-cloud.gz --hours 1' failed "Error occurred during initialization of VM
Could not reserve enough space for object heap
Could not create the Java virtual machine.
"","","Success"
"inca","uc-hotel","nimbus-create-publicvm","5852823","5852822","5463207","2012-07-26T13:01:27.000-04:00","Success","","cloud-create cloudcreate img hello-cloud.gz create 20.396122 s ping 30.011622 s ssh 30.224784 s destroy 5.153992 s","Success"
"inca","uc-hotel","nimbus-create-publicvm","5861312","5861311","5463207","2012-07-27T13:01:34.000-04:00","Success","","cloud-create cloudcreate img hello-cloud.gz create 27.94708 s ping 30.011883 s ssh 30.22427 s destroy 5.122352 s","Success"
"inca","uc-hotel","nimbus-create-publicvm","5869734","5869733","5463207","2012-07-28T13:00:01.000-04:00","Failure","Command '/home/inca/nimbus-cloud-client-021/bin/cloud-client.sh --conf /home/inca/nimbus-cloud-client-021/conf/hotel.conf --run --name hello-cloud.gz --hours 1' failed "Error occurred during initialization of VM
Cannot create VM thread. Out of system resources.
"","","Failure:errorMessage errorMessage errorMessage errorMessage"
"inca","uc-hotel","nimbus-create-publicvm","5878228","5878227","5463207","2012-07-29T13:01:29.000-04:00","Success","","cloud-create cloudcreate img hello-cloud.gz create 22.90687 s ping 30.009837 s ssh 30.221205 s destroy 4.974433 s","Success"
"inca","uc-hotel","nimbus-create-publicvm","5886755","5886754","5463207","2012-07-30T13:01:26.000-04:00","Success","","cloud-create cloudcreate img hello-cloud.gz create 20.356562 s ping 30.010859 s ssh 30.223142 s destroy 5.026898 s","Success"
"inca","uc-hotel","nimbus-create-publicvm","5903665","5903663","5463207","2012-08-01T13:00:01.000-04:00","Success","DOWNTIME:2059: Command '/home/inca/nimbus-cloud-client-021/bin/cloud-client.sh --conf /home/inca/nimbus-cloud-client-021/conf/hotel.conf --run --name hello-cloud.gz --hours 1' failed "Error occurred during initialization of VM
Could not reserve enough space for object heap
Could not create the Java virtual machine.
"","","Success"
"inca","uc-hotel","nimbus-create-publicvm","5912156","5912155","5463207","2012-08-02T13:00:06.000-04:00","Failure","DOWNTIME:2059: Command '/home/inca/nimbus-cloud-client-021/bin/cloud-client.sh --conf /home/inca/nimbus-cloud-client-021/conf/hotel.conf --run --name hello-cloud.gz --hours 1' failed "Problem:"","","Failure:errorMessage errorMessage errorMessage errorMessage"
"inca","uc-hotel","nimbus-create-publicvm","5920744","5920743","5463207","2012-08-03T13:01:28.000-04:00","Success","","cloud-create cloudcreate img hello-cloud.gz create 20.889106 s ping 30.010716 s ssh 30.229767 s destroy 5.468569 s","Success""inca","uc-hotel","nimbus-create-publicvm","5929182","5929181","5463207","2012-08-04T13:01:30.000-04:00","Success","","cloud-create cloudcreate img hello-cloud.gz create 23.293546 s ping 30.010968 s ssh 30.22253 s destroy 5.889488 s","Success"
"inca","uc-hotel","nimbus-create-publicvm","5937642","5937641","5463207","2012-08-05T13:01:39.000-04:00","Success","","cloud-create cloudcreate img hello-cloud.gz create 33.094247 s ping 30.011216 s ssh 30.299535 s destroy 5.094733 s","Success"
"inca","uc-hotel","nimbus-create-publicvm","5946081","5946080","5463207","2012-08-06T13:01:29.000-04:00","Success","","cloud-create cloudcreate img hello-cloud.gz create 22.407903 s ping 30.010818 s ssh 30.224546 s destroy 5.257682 s","Success"
"inca","uc-hotel","nimbus-create-publicvm","5954398","5954397","5463207","2012-08-07T13:00:03.000-04:00","Failure","DOWNTIME:2143: Command '/home/inca/nimbus-cloud-client-021/bin/cloud-client.sh --conf /home/inca/nimbus-cloud-client-021/conf/hotel.conf --run --name hello-cloud.gz --hours 1' failed "Problem:"","","Failure:errorMessage errorMessage errorMessage errorMessage"
"inca","uc-hotel","nimbus-create-publicvm","5961836","5493283","5463207","2012-08-08T13:00:03.000-04:00","Failure","Command '/home/inca/nimbus-cloud-client-021/bin/cloud-client.sh --conf /home/inca/nimbus-cloud-client-021/conf/hotel.conf --run --name hello-cloud.gz --hours 1' failed "Problem:"","","Failure:errorMessage errorMessage errorMessage errorMessage"
"inca","uc-hotel","nimbus-create-publicvm","5970056","5746934","5463207","2012-08-09T13:00:01.000-04:00","Success","Command '/home/inca/nimbus-cloud-client-021/bin/cloud-client.sh --conf /home/inca/nimbus-cloud-client-021/conf/hotel.conf --run --name hello-cloud.gz --hours 1' failed "Error occurred during initialization of VM
Could not reserve enough space for object heap
Could not create the Java virtual machine.
"","","Success"
"inca","uc-hotel","nimbus-create-publicvm","5987114","5987113","5463207","2012-08-12T13:01:39.000-04:00","Success","","cloud-create cloudcreate img hello-cloud.gz create 31.579797 s ping 30.010746 s ssh 30.221462 s destroy 5.138815 s","Success"
"inca","uc-hotel","nimbus-create-publicvm","5995351","5995350","5463207","2012-08-13T13:00:01.000-04:00","Failure","Command '/home/inca/nimbus-cloud-client-021/bin/cloud-client.sh --conf /home/inca/nimbus-cloud-client-021/conf/hotel.conf --run --name hello-cloud.gz --hours 1' failed "Error occurred during initialization of VM
java.lang.OutOfMemoryError: unable to create new native thread
"","","Failure:errorMessage errorMessage errorMessage errorMessage"
"inca","uc-hotel","nimbus-create-publicvm","6003712","6003711","5463207","2012-08-14T13:01:39.000-04:00","Success","","cloud-create cloudcreate img hello-cloud.gz create 30.890897 s ping 30.014271 s ssh 30.225181 s destroy 6.583974 s","Success"
"inca","uc-hotel","nimbus-create-publicvm","6012053","6012052","5463207","2012-08-15T13:01:23.000-04:00","Success","","cloud-create cloudcreate img hello-cloud.gz create 15.696827 s ping 30.011846 s ssh 30.225838 s destroy 5.315743 s","Success"
"inca","uc-hotel","nimbus-create-publicvm","6020177","5746934","5463207","2012-08-16T13:00:01.000-04:00","Success","Command '/home/inca/nimbus-cloud-client-021/bin/cloud-client.sh --conf /home/inca/nimbus-cloud-client-021/conf/hotel.conf --run --name hello-cloud.gz --hours 1' failed "Error occurred during initialization of VM
Could not reserve enough space for object heap
Could not create the Java virtual machine.
"","","Success"
"inca","uc-hotel","nimbus-create-publicvm","6028312","6028311","5463207","2012-08-17T13:01:25.000-04:00","Success","","cloud-create cloudcreate img hello-cloud.gz create 17.819275 s ping 30.012099 s ssh 30.220978 s destroy 5.150645 s","Success"
"inca","uc-hotel","nimbus-create-publicvm","6036595","5746934","5463207","2012-08-18T13:00:01.000-04:00","Success","Command '/home/inca/nimbus-cloud-client-021/bin/cloud-client.sh --conf /home/inca/nimbus-cloud-client-021/conf/hotel.conf --run --name hello-cloud.gz --hours 1' failed "Error occurred during initialization of VM
Could not reserve enough space for object heap
Could not create the Java virtual machine.
"","","Success"
"inca","uc-hotel","nimbus-create-publicvm","6044817","5746934","5463207","2012-08-19T13:00:01.000-04:00","Success","Command '/home/inca/nimbus-cloud-client-021/bin/cloud-client.sh --conf /home/inca/nimbus-cloud-client-021/conf/hotel.conf --run --name hello-cloud.gz --hours 1' failed "Error occurred during initialization of VM
Could not reserve enough space for object heap
Could not create the Java virtual machine.
"","","Success"
"inca","uc-hotel","nimbus-create-publicvm","6053126","5746934","5463207","2012-08-20T13:00:00.000-04:00","Success","Command '/home/inca/nimbus-cloud-client-021/bin/cloud-client.sh --conf /home/inca/nimbus-cloud-client-021/conf/hotel.conf --run --name hello-cloud.gz --hours 1' failed "Error occurred during initialization of VM
Could not reserve enough space for object heap
Could not create the Java virtual machine.
"","","Success"
"inca","uc-hotel","nimbus-create-publicvm","6067524","5746934","5463207","2012-08-22T13:00:00.000-04:00","Success","Command '/home/inca/nimbus-cloud-client-021/bin/cloud-client.sh --conf /home/inca/nimbus-cloud-client-021/conf/hotel.conf --run --name hello-cloud.gz --hours 1' failed "Error occurred during initialization of VM
Could not reserve enough space for object heap
Could not create the Java virtual machine.
"","","Success"
"inca","uc-hotel","nimbus-create-publicvm","6075904","5493283","5463207","2012-08-23T13:00:06.000-04:00","Failure","Command '/home/inca/nimbus-cloud-client-021/bin/cloud-client.sh --conf /home/inca/nimbus-cloud-client-021/conf/hotel.conf --run --name hello-cloud.gz --hours 1' failed "Problem:"","","Failure:errorMessage errorMessage errorMessage errorMessage"
"inca","uc-hotel","nimbus-create-publicvm","6081044","6081043","5463207","2012-08-24T13:01:29.000-04:00","Success","","cloud-create cloudcreate img hello-cloud.gz create 22.560438 s ping 30.010601 s ssh 30.224451 s destroy 4.982464 s","Success"
"inca","uc-hotel","nimbus-create-publicvm","6089364","5746934","5463207","2012-08-25T13:00:01.000-04:00","Success","Command '/home/inca/nimbus-cloud-client-021/bin/cloud-client.sh --conf /home/inca/nimbus-cloud-client-021/conf/hotel.conf --run --name hello-cloud.gz --hours 1' failed "Error occurred during initialization of VM
Could not reserve enough space for object heap
Could not create the Java virtual machine.
"","","Success"
"inca","uc-hotel","nimbus-create-publicvm","6097723","5746934","5463207","2012-08-26T13:00:01.000-04:00","Success","Command '/home/inca/nimbus-cloud-client-021/bin/cloud-client.sh --conf /home/inca/nimbus-cloud-client-021/conf/hotel.conf --run --name hello-cloud.gz --hours 1' failed "Error occurred during initialization of VM
Could not reserve enough space for object heap
Could not create the Java virtual machine.
"","","Success"
"inca","uc-hotel","nimbus-create-publicvm","6106036","5746934","5463207","2012-08-27T13:00:01.000-04:00","Success","Command '/home/inca/nimbus-cloud-client-021/bin/cloud-client.sh --conf /home/inca/nimbus-cloud-client-021/conf/hotel.conf --run --name hello-cloud.gz --hours 1' failed "Error occurred during initialization of VM
Could not reserve enough space for object heap
Could not create the Java virtual machine.
"","","Success"
"inca","uc-hotel","nimbus-create-publicvm","6114442","6114441","5463207","2012-08-28T13:01:32.000-04:00","Success","","cloud-create cloudcreate img hello-cloud.gz create 25.161664 s ping 30.011381 s ssh 30.224588 s destroy 4.855256 s","Success"
"inca","uc-hotel","nimbus-create-publicvm","6122937","6122936","5463207","2012-08-29T13:01:29.000-04:00","Success","","cloud-create cloudcreate img hello-cloud.gz create 22.422946 s ping 30.011551 s ssh 30.222362 s destroy 5.085077 s","Success"
"inca","uc-hotel","nimbus-create-publicvm","6139676","6139675","5463207","2012-08-31T13:01:32.000-04:00","Success","","cloud-create cloudcreate img hello-cloud.gz create 24.819977 s ping 30.010761 s ssh 30.225887 s destroy 5.269673 s","Success"
"inca","uc-hotel","nimbus-create-publicvm","6148052","6148051","5463207","2012-09-01T13:01:28.000-04:00","Success","","cloud-create cloudcreate img hello-cloud.gz create 21.048528 s ping 30.014506 s ssh 30.224251 s destroy 5.180191 s","Success"
"inca","uc-hotel","nimbus-create-publicvm","6156137","5746934","5463207","2012-09-02T13:00:01.000-04:00","Success","Command '/home/inca/nimbus-cloud-client-021/bin/cloud-client.sh --conf /home/inca/nimbus-cloud-client-021/conf/hotel.conf --run --name hello-cloud.gz --hours 1' failed "Error occurred during initialization of VM
Could not reserve enough space for object heap
Could not create the Java virtual machine.
"","","Success"
"inca","uc-hotel","nimbus-create-publicvm","6167577","5746934","5463207","2012-09-04T13:00:01.000-04:00","Success","Command '/home/inca/nimbus-cloud-client-021/bin/cloud-client.sh --conf /home/inca/nimbus-cloud-client-021/conf/hotel.conf --run --name hello-cloud.gz --hours 1' failed "Error occurred during initialization of VM
Could not reserve enough space for object heap
Could not create the Java virtual machine.
"","","Success"
"inca","uc-hotel","nimbus-create-publicvm","6175945","5746934","5463207","2012-09-05T13:00:01.000-04:00","Success","Command '/home/inca/nimbus-cloud-client-021/bin/cloud-client.sh --conf /home/inca/nimbus-cloud-client-021/conf/hotel.conf --run --name hello-cloud.gz --hours 1' failed "Error occurred during initialization of VM
Could not reserve enough space for object heap
Could not create the Java virtual machine.
"","","Success"
"inca","uc-hotel","nimbus-create-publicvm","6184332","6184331","5463207","2012-09-06T13:01:30.000-04:00","Success","","cloud-create cloudcreate img hello-cloud.gz create 23.070506 s ping 30.012298 s ssh 30.233375 s destroy 5.272735 s","Success"
"inca","uc-hotel","nimbus-create-publicvm","6192633","5746934","5463207","2012-09-07T13:00:01.000-04:00","Success","Command '/home/inca/nimbus-cloud-client-021/bin/cloud-client.sh --conf /home/inca/nimbus-cloud-client-021/conf/hotel.conf --run --name hello-cloud.gz --hours 1' failed "Error occurred during initialization of VM
Could not reserve enough space for object heap
Could not create the Java virtual machine.
"","","Success"
"inca","uc-hotel","nimbus-create-publicvm","6200940","6200939","5463207","2012-09-08T13:00:00.000-04:00","Failure","Command '/home/inca/nimbus-cloud-client-021/bin/cloud-client.sh --conf /home/inca/nimbus-cloud-client-021/conf/hotel.conf --run --name hello-cloud.gz --hours 1' failed with exit code 0","","Failure:errorMessage errorMessage errorMessage errorMessage"
"inca","uc-hotel","nimbus-create-publicvm","6217897","5746934","5463207","2012-09-11T13:00:01.000-04:00","Success","Command '/home/inca/nimbus-cloud-client-021/bin/cloud-client.sh --conf /home/inca/nimbus-cloud-client-021/conf/hotel.conf --run --name hello-cloud.gz --hours 1' failed "Error occurred during initialization of VM
Could not reserve enough space for object heap
Could not create the Java virtual machine.
"","","Success"
"inca","uc-hotel","nimbus-create-publicvm","6229540","5746934","5463207","2012-09-12T13:00:00.000-04:00","Success","Command '/home/inca/nimbus-cloud-client-021/bin/cloud-client.sh --conf /home/inca/nimbus-cloud-client-021/conf/hotel.conf --run --name hello-cloud.gz --hours 1' failed "Error occurred during initialization of VM
Could not reserve enough space for object heap
Could not create the Java virtual machine.
"","","Success"
"inca","uc-hotel","nimbus-create-publicvm","6229542","5746934","5463207","2012-09-12T13:00:01.000-04:00","Success","Command '/home/inca/nimbus-cloud-client-021/bin/cloud-client.sh --conf /home/inca/nimbus-cloud-client-021/conf/hotel.conf --run --name hello-cloud.gz --hours 1' failed "Error occurred during initialization of VM
Could not reserve enough space for object heap
Could not create the Java virtual machine.
"","","Success"
"inca","uc-hotel","nimbus-create-publicvm","6238192","6238191","5463207","2012-09-13T13:01:42.000-04:00","Success","","cloud-create cloudcreate img hello-cloud.gz create 31.165688 s ping 30.011169 s ssh 30.229335 s destroy 6.472342 s","Success"
"inca","uc-hotel","nimbus-create-publicvm","6247188","6247187","5463207","2012-09-14T13:02:15.000-04:00","Success","","cloud-create cloudcreate img hello-cloud.gz create 26.37265 s ping 30.65572 s ssh 60.558074 s destroy 9.645231 s","Success"
"inca","uc-hotel","nimbus-create-publicvm","6256064","6256063","5463207","2012-09-15T13:01:45.000-04:00","Success","","cloud-create cloudcreate img hello-cloud.gz create 31.710293 s ping 30.011052 s ssh 30.226437 s destroy 5.881702 s","Success"
"inca","uc-hotel","nimbus-create-publicvm","6289452","5493283","5463207","2012-09-19T13:00:16.000-04:00","Failure","Command '/home/inca/nimbus-cloud-client-021/bin/cloud-client.sh --conf /home/inca/nimbus-cloud-client-021/conf/hotel.conf --run --name hello-cloud.gz --hours 1' failed "Problem:"","","Failure:errorMessage errorMessage errorMessage errorMessage"
"inca","uc-hotel","nimbus-create-publicvm","6298062","5493283","5463207","2012-09-20T13:00:11.000-04:00","Failure","Command '/home/inca/nimbus-cloud-client-021/bin/cloud-client.sh --conf /home/inca/nimbus-cloud-client-021/conf/hotel.conf --run --name hello-cloud.gz --hours 1' failed "Problem:"","","Failure:errorMessage errorMessage errorMessage errorMessage"
"inca","uc-hotel","nimbus-create-publicvm","6304579","5493283","5463207","2012-09-21T13:00:22.000-04:00","Failure","Command '/home/inca/nimbus-cloud-client-021/bin/cloud-client.sh --conf /home/inca/nimbus-cloud-client-021/conf/hotel.conf --run --name hello-cloud.gz --hours 1' failed "Problem:"","","Failure:errorMessage errorMessage errorMessage errorMessage"
"inca","uc-hotel","nimbus-create-publicvm","6312814","6312813","5463207","2012-09-22T13:01:34.000-04:00","Success","","cloud-create cloudcreate img hello-cloud.gz create 25.963321 s ping 30.011114 s ssh 30.231986 s destroy 5.998226 s","Success"
"inca","uc-hotel","nimbus-create-publicvm","6325261","6325260","5463207","2012-09-24T13:01:36.000-04:00","Success","","cloud-create cloudcreate img hello-cloud.gz create 27.595457 s ping 30.011487 s ssh 30.231085 s destroy 6.554172 s","Success"
"inca","uc-hotel","nimbus-create-publicvm","6331878","6331877","5463207","2012-09-26T13:01:38.000-04:00","Success","","cloud-create cloudcreate img hello-cloud.gz create 25.2427 s ping 30.012703 s ssh 30.231568 s destroy 11.63038 s","Success"
"inca","uc-hotel","nimbus-create-publicvm","6338061","6338060","5463207","2012-09-27T13:01:31.000-04:00","Success","","cloud-create cloudcreate img hello-cloud.gz create 22.854959 s ping 30.010573 s ssh 30.23364 s destroy 6.442425 s","Success"
"inca","uc-hotel","nimbus-create-publicvm","6352948","6352947","5463207","2012-09-30T13:01:40.000-04:00","Success","","cloud-create cloudcreate img hello-cloud.gz create 31.766449 s ping 30.011345 s ssh 30.237965 s destroy 6.127493 s","Success"
"inca","uc-hotel","nimbus-create-publicvm","6360362","6360361","5463207","2012-10-01T13:01:37.000-04:00","Success","","cloud-create cloudcreate img hello-cloud.gz create 29.333027 s ping 30.009508 s ssh 30.228804 s destroy 6.227961 s","Success"
"inca","uc-hotel","nimbus-create-publicvm","6367965","6367964","5463207","2012-10-02T13:01:25.000-04:00","Success","","cloud-create cloudcreate img hello-cloud.gz create 17.571897 s ping 30.010701 s ssh 30.232297 s destroy 6.046775 s","Success"
"inca","uc-hotel","nimbus-create-publicvm","6375454","6375453","5463207","2012-10-03T13:01:30.000-04:00","Success","","cloud-create cloudcreate img hello-cloud.gz create 20.719023 s ping 30.011867 s ssh 30.231049 s destroy 7.301955 s","Success"
"inca","uc-hotel","nimbus-create-publicvm","6387777","6387776","5463207","2012-10-05T13:01:32.000-04:00","Success","","cloud-create cloudcreate img hello-cloud.gz create 22.556981 s ping 30.011534 s ssh 30.252742 s destroy 7.552595 s","Success"
"inca","uc-hotel","nimbus-create-publicvm","6395382","6395381","5463207","2012-10-09T13:00:05.000-04:00","Failure","DOWNTIME:2241: Command '/home/inca/nimbus-cloud-client-021/bin/cloud-client.sh --conf /home/inca/nimbus-cloud-client-021/conf/hotel.conf --run --name hello-cloud.gz --hours 1' failed "Problem:"","","Failure:errorMessage errorMessage errorMessage errorMessage"
"inca","uc-hotel","nimbus-create-publicvm","6398942","6398941","5463207","2012-10-10T00:04:40.000-04:00","Success","","cloud-create cloudcreate img hello-cloud.gz create 17.084139 s ping 30.010968 s ssh 30.23168 s destroy 12.018118 s","Success"
"inca","uc-hotel","nimbus-create-publicvm","6401079","6401078","5463207","2012-10-10T13:01:29.000-04:00","Success","","cloud-create cloudcreate img hello-cloud.gz create 22.162177 s ping 30.01208 s ssh 30.231882 s destroy 6.086157 s","Success"
"inca","uc-hotel","nimbus-create-publicvm","6412834","6412833","5463207","2012-10-12T13:01:49.000-04:00","Success","","cloud-create cloudcreate img hello-cloud.gz create 29.713784 s ping 30.208196 s ssh 31.965631 s destroy 9.483209 s","Success"
"inca","uc-hotel","nimbus-create-publicvm","6420473","6420472","5463207","2012-10-13T13:01:30.000-04:00","Success","","cloud-create cloudcreate img hello-cloud.gz create 22.725589 s ping 30.014098 s ssh 30.230515 s destroy 5.979849 s","Success"
"inca","uc-hotel","nimbus-create-publicvm","6427956","6427955","5463207","2012-10-14T13:01:28.000-04:00","Success","","cloud-create cloudcreate img hello-cloud.gz create 20.366133 s ping 30.011714 s ssh 30.230768 s destroy 6.145461 s","Success"
"inca","uc-hotel","nimbus-create-publicvm","6435542","6435541","5463207","2012-10-15T13:01:29.000-04:00","Success","","cloud-create cloudcreate img hello-cloud.gz create 20.075903 s ping 30.011715 s ssh 30.233336 s destroy 6.810519 s","Success"
"inca","uc-hotel","nimbus-create-publicvm","6440481","6440480","5463207","2012-10-16T13:01:40.000-04:00","Success","","cloud-create cloudcreate img hello-cloud.gz create 29.996154 s ping 30.011361 s ssh 30.280312 s destroy 9.017741 s","Success"
"inca","uc-hotel","nimbus-create-publicvm","6448454","6448453","5463207","2012-10-17T13:01:28.000-04:00","Success","","cloud-create cloudcreate img hello-cloud.gz create 20.273379 s ping 30.013145 s ssh 30.232487 s destroy 6.250086 s","Success"
"inca","uc-hotel","nimbus-create-publicvm","6464402","6464401","5463207","2012-10-19T13:01:29.000-04:00","Success","","cloud-create cloudcreate img hello-cloud.gz create 18.567667 s ping 30.011803 s ssh 30.232753 s destroy 8.580003 s","Success"
"inca","uc-hotel","nimbus-create-publicvm","6478529","6478528","5463207","2012-10-21T13:01:31.000-04:00","Success","","cloud-create cloudcreate img hello-cloud.gz create 23.548794 s ping 30.012178 s ssh 30.229537 s destroy 6.042891 s","Success"
"inca","uc-hotel","nimbus-create-publicvm","6487985","6487984","5463207","2012-10-23T13:01:33.000-04:00","Success","","cloud-create cloudcreate img hello-cloud.gz create 25.2387 s ping 30.011377 s ssh 30.230441 s destroy 6.597452 s","Success"
"inca","uc-hotel","nimbus-create-publicvm","6510945","6510944","5463207","2012-10-26T13:01:28.000-04:00","Success","","cloud-create cloudcreate img hello-cloud.gz create 21.207891 s ping 30.012052 s ssh 30.231685 s destroy 5.842355 s","Success"
"inca","uc-hotel","nimbus-create-publicvm","6526777","6526776","5463207","2012-10-28T13:01:27.000-04:00","Success","","cloud-create cloudcreate img hello-cloud.gz create 19.249796 s ping 30.011178 s ssh 30.231395 s destroy 6.295761 s","Success"
"inca","uc-hotel","nimbus-create-publicvm","6550135","6550134","5463207","2012-10-31T13:01:28.000-04:00","Success","","cloud-create cloudcreate img hello-cloud.gz create 20.586153 s ping 30.010947 s ssh 30.231314 s destroy 6.218557 s","Success"
"inca","uc-hotel","nimbus-create-publicvm","6557813","6557812","5463207","2012-11-01T13:02:37.000-04:00","Success","","cloud-create cloudcreate img hello-cloud.gz create 77.821694 s ping 30.011498 s ssh 30.232166 s destroy 18.415584 s","Success""inca","uc-hotel","nimbus-create-publicvm","6573200","6573199","5463207","2012-11-03T13:01:31.000-04:00","Success","","cloud-create cloudcreate img hello-cloud.gz create 23.549273 s ping 30.010967 s ssh 30.23184 s destroy 6.044183 s","Success"
"inca","uc-hotel","nimbus-create-publicvm","6588648","6588647","5463207","2012-11-06T13:01:49.000-05:00","Success","","cloud-create cloudcreate img hello-cloud.gz create 33.106212 s ping 30.572111 s ssh 30.294876 s destroy 13.791365 s","Success"
"inca","uc-hotel","nimbus-create-publicvm","6595097","6595096","5463207","2012-11-07T13:01:28.000-05:00","Success","","cloud-create cloudcreate img hello-cloud.gz create 20.777528 s ping 30.011145 s ssh 30.232997 s destroy 6.226008 s","Success"
"inca","uc-hotel","nimbus-create-publicvm","6602667","6602666","5463207","2012-11-08T13:01:27.000-05:00","Success","","cloud-create cloudcreate img hello-cloud.gz create 19.610677 s ping 30.011311 s ssh 30.225334 s destroy 6.162328 s","Success"
"inca","uc-hotel","nimbus-create-publicvm","6617810","6617809","5463207","2012-11-10T13:01:31.000-05:00","Success","","cloud-create cloudcreate img hello-cloud.gz create 23.466654 s ping 30.011669 s ssh 30.233319 s destroy 6.244316 s","Success"
"inca","uc-hotel","nimbus-create-publicvm","6625392","6625391","5463207","2012-11-11T13:01:28.000-05:00","Success","","cloud-create cloudcreate img hello-cloud.gz create 20.664747 s ping 30.010939 s ssh 30.23055 s destroy 6.504347 s","Success"
"inca","uc-hotel","nimbus-create-publicvm","6632963","6632962","5463207","2012-11-12T13:01:30.000-05:00","Success","","cloud-create cloudcreate img hello-cloud.gz create 21.705205 s ping 30.011596 s ssh 30.230389 s destroy 6.701214 s","Success"
"inca","uc-hotel","nimbus-create-publicvm","6640770","6640769","5463207","2012-11-13T13:01:31.000-05:00","Success","","cloud-create cloudcreate img hello-cloud.gz create 22.93574 s ping 30.011636 s ssh 30.322847 s destroy 6.686171 s","Success"
"inca","uc-hotel","nimbus-create-publicvm","6663466","6663465","5463207","2012-11-16T13:01:31.000-05:00","Success","","cloud-create cloudcreate img hello-cloud.gz create 22.935031 s ping 30.012103 s ssh 30.229828 s destroy 6.32146 s","Success"
"inca","uc-hotel","nimbus-create-publicvm","6671104","6671103","5463207","2012-11-17T13:01:29.000-05:00","Success","","cloud-create cloudcreate img hello-cloud.gz create 21.496285 s ping 30.011286 s ssh 30.265814 s destroy 6.849293 s","Success"
"inca","uc-hotel","nimbus-create-publicvm","6694183","6694182","5463207","2012-11-20T13:01:29.000-05:00","Success","","cloud-create cloudcreate img hello-cloud.gz create 22.033275 s ping 30.011915 s ssh 30.232686 s destroy 6.337294 s","Success"
"inca","uc-hotel","nimbus-create-publicvm","6707868","6707867","5463207","2012-11-24T13:01:31.000-05:00","Success","","cloud-create cloudcreate img hello-cloud.gz create 22.88121 s ping 30.010738 s ssh 30.229634 s destroy 6.173907 s","Success"
"inca","uc-hotel","nimbus-create-publicvm","6715753","6715752","5463207","2012-11-25T13:01:48.000-05:00","Success","","cloud-create cloudcreate img hello-cloud.gz create 35.847443 s ping 30.010784 s ssh 30.333048 s destroy 10.917453 s","Success"
"inca","uc-hotel","nimbus-create-publicvm","6723632","6723631","5463207","2012-11-26T13:01:37.000-05:00","Success","","cloud-create cloudcreate img hello-cloud.gz create 29.19602 s ping 30.061377 s ssh 30.228698 s destroy 6.300757 s","Success"
"inca","uc-hotel","nimbus-create-publicvm","6731550","6731549","5463207","2012-11-27T13:01:32.000-05:00","Success","","cloud-create cloudcreate img hello-cloud.gz create 23.017213 s ping 30.011907 s ssh 30.227808 s destroy 6.63068 s","Success"
"inca","uc-hotel","nimbus-create-publicvm","6739399","6739398","5463207","2012-11-28T13:01:42.000-05:00","Success","","cloud-create cloudcreate img hello-cloud.gz create 32.671582 s ping 30.011569 s ssh 30.23454 s destroy 8.222489 s","Success"
"inca","uc-hotel","nimbus-create-publicvm","6747371","6747370","5463207","2012-11-29T13:01:32.000-05:00","Success","","cloud-create cloudcreate img hello-cloud.gz create 23.041946 s ping 30.010313 s ssh 30.715017 s destroy 7.36685 s","Success"
"inca","uc-hotel","nimbus-create-publicvm","6754984","6754983","5463207","2012-11-30T13:01:33.000-05:00","Success","","cloud-create cloudcreate img hello-cloud.gz create 24.856851 s ping 30.011113 s ssh 30.235314 s destroy 6.228899 s","Success"
"inca","uc-hotel","nimbus-create-publicvm","6762567","6762566","5463207","2012-12-01T13:01:38.000-05:00","Success","","cloud-create cloudcreate img hello-cloud.gz create 29.90041 s ping 30.012926 s ssh 30.230905 s destroy 6.081263 s","Success"
"inca","uc-hotel","nimbus-create-publicvm","6770156","6770155","5463207","2012-12-02T13:01:31.000-05:00","Success","","cloud-create cloudcreate img hello-cloud.gz create 23.120016 s ping 30.011972 s ssh 30.231986 s destroy 6.355789 s","Success"
"inca","uc-hotel","nimbus-create-publicvm","6777757","6777756","5463207","2012-12-03T13:01:36.000-05:00","Success","","cloud-create cloudcreate img hello-cloud.gz create 28.181964 s ping 30.010818 s ssh 30.231634 s destroy 6.452661 s","Success"
"inca","uc-hotel","nimbus-create-publicvm","6785182","6785181","5463207","2012-12-04T13:01:30.000-05:00","Success","","cloud-create cloudcreate img hello-cloud.gz create 21.902903 s ping 30.011412 s ssh 30.231939 s destroy 6.54418 s","Success"
"inca","uc-hotel","nimbus-create-publicvm","6792547","6792546","5463207","2012-12-05T13:01:28.000-05:00","Success","","cloud-create cloudcreate img hello-cloud.gz create 20.26035 s ping 30.011158 s ssh 30.23314 s destroy 6.127917 s","Success"
"inca","uc-hotel","nimbus-create-publicvm","6800185","6800184","5463207","2012-12-06T13:01:32.000-05:00","Success","","cloud-create cloudcreate img hello-cloud.gz create 23.25541 s ping 30.011811 s ssh 30.303866 s destroy 7.399894 s","Success"
"inca","uc-hotel","nimbus-create-publicvm","6807809","6807808","5463207","2012-12-07T13:01:27.000-05:00","Success","","cloud-create cloudcreate img hello-cloud.gz create 18.57482 s ping 30.011977 s ssh 30.234535 s destroy 6.246558 s","Success"
"inca","uc-hotel","nimbus-create-publicvm","6823094","6823093","5463207","2012-12-09T13:01:33.000-05:00","Success","","cloud-create cloudcreate img hello-cloud.gz create 17.562039 s ping 30.011211 s ssh 30.228836 s destroy 13.486674 s","Success"
"inca","uc-hotel","nimbus-create-publicvm","6861343","6861342","5463207","2012-12-14T13:01:28.000-05:00","Success","","cloud-create cloudcreate img hello-cloud.gz create 20.999319 s ping 30.01138 s ssh 30.306293 s destroy 6.382166 s","Success"
"inca","uc-hotel","nimbus-create-publicvm","6866890","6866889","5463207","2012-12-15T13:01:49.000-05:00","Success","","cloud-create cloudcreate img hello-cloud.gz create 35.988831 s ping 30.039096 s ssh 30.240737 s destroy 9.598755 s","Success"
"inca","uc-hotel","nimbus-create-publicvm","6872723","6872722","5463207","2012-12-16T13:01:29.000-05:00","Success","","cloud-create cloudcreate img hello-cloud.gz create 20.69275 s ping 30.010518 s ssh 30.229619 s destroy 6.276966 s","Success"
"inca","uc-hotel","nimbus-create-publicvm","6880339","6880338","5463207","2012-12-17T13:01:32.000-05:00","Success","","cloud-create cloudcreate img hello-cloud.gz create 22.451914 s ping 30.012825 s ssh 30.408772 s destroy 7.262797 s","Success"
"inca","uc-hotel","nimbus-create-publicvm","6887692","6887691","5463207","2012-12-18T13:01:31.000-05:00","Success","","cloud-create cloudcreate img hello-cloud.gz create 20.728891 s ping 30.011995 s ssh 30.454486 s destroy 9.252867 s","Success"
"inca","uc-hotel","nimbus-create-publicvm","6895238","6895237","5463207","2012-12-19T13:02:40.000-05:00","Success","","cloud-create cloudcreate img hello-cloud.gz create 47.065565 s ping 70.018024 s ssh 30.23481 s destroy 10.546014 s","Success"
"inca","uc-hotel","nimbus-create-publicvm","6902786","6902785","5463207","2012-12-20T13:01:30.000-05:00","Success","","cloud-create cloudcreate img hello-cloud.gz create 20.630581 s ping 30.014084 s ssh 30.235496 s destroy 7.246253 s","Success"
"inca","uc-hotel","nimbus-create-publicvm","6912306","6912305","5463207","2012-12-21T13:01:32.000-05:00","Success","","cloud-create cloudcreate img hello-cloud.gz create 23.866082 s ping 30.011615 s ssh 30.29298 s destroy 7.155809 s","Success"
"inca","uc-hotel","nimbus-create-publicvm","6921945","6921944","5463207","2012-12-22T13:01:32.000-05:00","Success","","cloud-create cloudcreate img hello-cloud.gz create 21.839039 s ping 30.01099 s ssh 30.757017 s destroy 7.809939 s","Success"
"inca","uc-hotel","nimbus-create-publicvm","6931560","6931559","5463207","2012-12-23T13:01:43.000-05:00","Success","","cloud-create cloudcreate img hello-cloud.gz create 21.848618 s ping 30.011844 s ssh 30.534297 s destroy 18.993173 s","Success"
"inca","uc-hotel","nimbus-create-publicvm","6941252","6941251","5463207","2012-12-24T13:01:32.000-05:00","Success","","cloud-create cloudcreate img hello-cloud.gz create 23.671214 s ping 30.01064 s ssh 30.235122 s destroy 6.80424 s","Success"
"inca","uc-hotel","nimbus-create-publicvm","6951048","6951047","5463207","2012-12-25T13:01:30.000-05:00","Success","","cloud-create cloudcreate img hello-cloud.gz create 19.622429 s ping 30.010637 s ssh 30.239694 s destroy 8.752983 s","Success"
"inca","uc-hotel","nimbus-create-publicvm","6960850","6960849","5463207","2012-12-26T13:01:30.000-05:00","Success","","cloud-create cloudcreate img hello-cloud.gz create 20.84884 s ping 30.010959 s ssh 30.236049 s destroy 7.881325 s","Success"
"inca","uc-hotel","nimbus-create-publicvm","6970695","6970694","5463207","2012-12-27T13:01:34.000-05:00","Success","","cloud-create cloudcreate img hello-cloud.gz create 22.688904 s ping 30.010961 s ssh 30.248996 s destroy 10.90754 s","Success"
"inca","uc-hotel","nimbus-create-publicvm","6980524","6980523","5463207","2012-12-28T13:01:31.000-05:00","Success","","cloud-create cloudcreate img hello-cloud.gz create 23.162455 s ping 30.010727 s ssh 30.309124 s destroy 6.316246 s","Success"
"inca","uc-hotel","nimbus-create-publicvm","6990327","6990326","5463207","2012-12-29T13:01:31.000-05:00","Success","","cloud-create cloudcreate img hello-cloud.gz create 21.875887 s ping 30.011184 s ssh 30.263014 s destroy 7.145283 s","Success"
"inca","uc-hotel","nimbus-create-publicvm","7000368","7000367","5463207","2012-12-30T13:01:32.000-05:00","Success","","cloud-create cloudcreate img hello-cloud.gz create 24.07396 s ping 30.01181 s ssh 30.228785 s destroy 6.159597 s","Success"
"inca","uc-hotel","nimbus-create-publicvm","7010369","7010368","5463207","2012-12-31T13:01:29.000-05:00","Success","","cloud-create cloudcreate img hello-cloud.gz create 18.395798 s ping 30.012051 s ssh 30.263423 s destroy 8.737963 s","Success"
"inca","uc-hotel","nimbus-create-publicvm","7020184","7020183","5463207","2013-01-01T13:02:21.000-05:00","Success","","cloud-create cloudcreate img hello-cloud.gz create 28.458203 s ping 70.016109 s ssh 30.458844 s destroy 11.389962 s","Success"
"inca","uc-hotel","nimbus-create-publicvm","7029954","7029953","5463207","2013-01-02T13:01:29.000-05:00","Success","","cloud-create cloudcreate img hello-cloud.gz create 19.52548 s ping 30.011099 s ssh 30.272007 s destroy 8.405335 s","Success"
"inca","uc-hotel","nimbus-create-publicvm","7035398","7035397","5463207","2013-01-03T13:01:44.000-05:00","Success","","cloud-create cloudcreate img hello-cloud.gz create 22.771126 s ping 31.250912 s ssh 30.231535 s destroy 18.64752 s","Success"
"inca","uc-hotel","nimbus-create-publicvm","7042521","7042520","5463207","2013-01-04T13:01:28.000-05:00","Success","","cloud-create cloudcreate img hello-cloud.gz create 17.906108 s ping 30.012438 s ssh 30.223807 s destroy 8.43575 s","Success"
"inca","uc-hotel","nimbus-create-publicvm","7057968","7057967","5463207","2013-01-06T13:01:32.000-05:00","Success","","cloud-create cloudcreate img hello-cloud.gz create 21.090869 s ping 30.011468 s ssh 30.382181 s destroy 9.661642 s","Success"
"inca","uc-hotel","nimbus-create-publicvm","7065701","7065700","5463207","2013-01-07T13:02:17.000-05:00","Success","","cloud-create cloudcreate img hello-cloud.gz create 27.402723 s ping 70.017305 s ssh 30.646693 s destroy 7.604933 s","Success"
"inca","uc-hotel","nimbus-create-publicvm","7073254","7073253","5463207","2013-01-08T13:01:32.000-05:00","Success","","cloud-create cloudcreate img hello-cloud.gz create 22.145308 s ping 30.011071 s ssh 30.225844 s destroy 8.161592 s","Success"
"inca","uc-hotel","nimbus-create-publicvm","7078818","7078817","5463207","2013-01-09T13:01:32.000-05:00","Success","","cloud-create cloudcreate img hello-cloud.gz create 23.210075 s ping 30.011585 s ssh 30.53803 s destroy 6.612879 s","Success"
"inca","uc-hotel","nimbus-create-publicvm","7086797","7086796","5463207","2013-01-10T13:02:37.000-05:00","Success","","cloud-create cloudcreate img hello-cloud.gz create 40.231514 s ping 70.018079 s ssh 30.236834 s destroy 14.563461 s","Success"
"inca","uc-hotel","nimbus-create-publicvm","7094784","7094783","5463207","2013-01-11T13:01:30.000-05:00","Success","","cloud-create cloudcreate img hello-cloud.gz create 20.406212 s ping 30.013893 s ssh 30.356682 s destroy 7.358825 s","Success"
"inca","uc-hotel","nimbus-create-publicvm","7102813","7102812","5463207","2013-01-12T13:01:39.000-05:00","Success","","cloud-create cloudcreate img hello-cloud.gz create 28.497059 s ping 30.011168 s ssh 30.231366 s destroy 7.867997 s","Success"
"inca","uc-hotel","nimbus-create-publicvm","7110838","7110837","5463207","2013-01-13T13:01:31.000-05:00","Success","","cloud-create cloudcreate img hello-cloud.gz create 19.778718 s ping 30.011035 s ssh 30.232442 s destroy 9.000136 s","Success"
"inca","uc-hotel","nimbus-create-publicvm","7118866","7118865","5463207","2013-01-14T13:01:32.000-05:00","Success","","cloud-create cloudcreate img hello-cloud.gz create 23.385071 s ping 30.012001 s ssh 30.279637 s destroy 7.664155 s","Success"
"inca","uc-hotel","nimbus-create-publicvm","7126857","7126855","5463207","2013-01-15T13:01:32.000-05:00","Success","","cloud-create cloudcreate img hello-cloud.gz create 24.519792 s ping 30.012798 s ssh 30.234112 s destroy 6.198207 s","Success"
"inca","uc-hotel","nimbus-create-publicvm","7134919","7134918","5463207","2013-01-16T13:01:29.000-05:00","Success","","cloud-create cloudcreate img hello-cloud.gz create 21.266564 s ping 30.011302 s ssh 30.229497 s destroy 6.414906 s","Success"
"inca","uc-hotel","nimbus-create-publicvm","7142614","7142613","5463207","2013-01-17T13:01:39.000-05:00","Success","","cloud-create cloudcreate img hello-cloud.gz create 30.081393 s ping 30.011258 s ssh 30.229542 s destroy 6.482033 s","Success"
"inca","uc-hotel","nimbus-create-publicvm","7150293","7150292","5463207","2013-01-18T13:01:34.000-05:00","Success","","cloud-create cloudcreate img hello-cloud.gz create 25.899559 s ping 30.011151 s ssh 30.304708 s destroy 6.085923 s","Success"
"inca","uc-hotel","nimbus-create-publicvm","7157952","7157951","5463207","2013-01-19T13:01:27.000-05:00","Success","","cloud-create cloudcreate img hello-cloud.gz create 19.547387 s ping 30.010609 s ssh 30.230399 s destroy 6.436535 s","Success"
"inca","uc-hotel","nimbus-create-publicvm","7165582","7165581","5463207","2013-01-20T13:01:27.000-05:00","Success","","cloud-create cloudcreate img hello-cloud.gz create 18.761471 s ping 30.012047 s ssh 30.230717 s destroy 6.52872 s","Success"
"inca","uc-hotel","nimbus-create-publicvm","7180822","7180821","5463207","2013-01-22T13:01:38.000-05:00","Success","","cloud-create cloudcreate img hello-cloud.gz create 22.637534 s ping 30.01161 s ssh 30.287212 s destroy 10.716315 s","Success"
"inca","uc-hotel","nimbus-create-publicvm","7188476","7188475","5463207","2013-01-23T13:01:28.000-05:00","Success","","cloud-create cloudcreate img hello-cloud.gz create 20.60192 s ping 30.011592 s ssh 30.233349 s destroy 6.546809 s","Success"
"inca","uc-hotel","nimbus-create-publicvm","7196112","7196111","5463207","2013-01-24T13:01:33.000-05:00","Success","","cloud-create cloudcreate img hello-cloud.gz create 23.935069 s ping 30.011762 s ssh 30.572126 s destroy 6.180392 s","Success"
"inca","uc-hotel","nimbus-create-publicvm","7203755","7203754","5463207","2013-01-25T13:01:30.000-05:00","Success","","cloud-create cloudcreate img hello-cloud.gz create 22.553736 s ping 30.013799 s ssh 30.232881 s destroy 6.438765 s","Success"
"inca","uc-hotel","nimbus-create-publicvm","7211420","7211419","5463207","2013-01-26T13:01:32.000-05:00","Success","","cloud-create cloudcreate img hello-cloud.gz create 23.760264 s ping 30.010989 s ssh 30.230904 s destroy 6.719226 s","Success"
"inca","uc-hotel","nimbus-create-publicvm","7219090","7219089","5463207","2013-01-27T13:01:31.000-05:00","Success","","cloud-create cloudcreate img hello-cloud.gz create 23.142492 s ping 30.011727 s ssh 30.233488 s destroy 7.021688 s","Success"
"inca","uc-hotel","nimbus-create-publicvm","7226700","7226699","5463207","2013-01-28T13:01:28.000-05:00","Success","","cloud-create cloudcreate img hello-cloud.gz create 20.444302 s ping 30.010609 s ssh 30.555453 s destroy 5.822401 s","Success"
"inca","uc-hotel","nimbus-create-publicvm","7235447","7235446","7235301","2013-01-29T16:07:23.000-05:00","Success","","cloud-create cloudcreate img hello-cloud.gz create 18.692883 s ping 30.012217 s ssh 30.246936 s destroy 6.516119 s","Success"
"inca","uc-hotel","nimbus-create-publicvm","7238449","7238448","7238156","2013-01-30T00:26:54.000-05:00","Success","","cloud-create cloudcreate img hello-cloud.gz create 16.688871 s ping 30.011997 s ssh 30.232086 s destroy 8.593894 s","Success"
"inca","uc-hotel","nimbus-create-publicvm","7238767","7238766","7238156","2013-01-30T01:16:26.000-05:00","Success","","cloud-create cloudcreate img hello-cloud.gz create 18.54684 s ping 30.011321 s ssh 30.236217 s destroy 6.583116 s","Success"
